unit,assets,submitted,approved,rounds,approval_bdays,first_feedback_bdays,sla_met,escalated,revisions_client,kind,week,approved_week
BR-1,Creator & livestream brief,04.05.2026,06.05.2026,1,2,2,True,False,0,brief,1,1
BR-2,Hero video brief,04.05.2026,08.05.2026,2,4,2,True,False,0,brief,1,1
BR-3,Social & short-form brief,05.05.2026,06.05.2026,1,1,1,True,False,0,brief,1,1
BR-4,Giveaway & newsletter brief,06.05.2026,08.05.2026,1,2,2,True,False,0,brief,1,1
NL-01,NL-01,06.05.2026,07.05.2026,1,1,1,True,False,0,asset,1,1
SP-01,SP-01,06.05.2026,07.05.2026,1,1,1,True,False,0,asset,1,1
SF-01,SF-01,11.05.2026,13.05.2026,1,2,2,True,False,0,asset,2,2
PP-B1,PP-01 + PP-02,12.05.2026,13.05.2026,1,1,1,True,False,0,asset,2,2
PH-01,PH-01,14.05.2026,18.05.2026,1,2,2,True,False,0,asset,2,3
SP-02,SP-02,13.05.2026,14.05.2026,1,1,1,True,False,0,asset,2,2
CV-01,CV-01,14.05.2026,18.05.2026,1,2,2,True,False,0,asset,2,3
LS-01,LS-01,18.05.2026,20.05.2026,1,2,2,True,False,0,asset,3,3
PP-B2,PP-03 + PP-04,19.05.2026,20.05.2026,1,1,1,True,False,0,asset,3,3
SP-03,SP-03,21.05.2026,22.05.2026,1,1,1,True,False,0,asset,3,3
HV-01,HV-01,11.05.2026,25.05.2026,3,10,6,False,True,2,asset,2,4
GA-01,GA-01,20.05.2026,25.05.2026,1,3,3,True,True,0,asset,3,4
SF-02,SF-02,25.05.2026,26.05.2026,1,1,1,True,False,0,asset,4,4
PP-B3,PP-05 + PP-06,26.05.2026,28.05.2026,1,2,2,True,False,0,asset,4,4
NL-02,NL-02,28.05.2026,29.05.2026,1,1,1,True,False,0,asset,4,4
SP-04,SP-04,27.05.2026,29.05.2026,1,2,2,True,False,0,asset,4,4
SF-03,SF-03,28.05.2026,03.06.2026,2,4,2,True,False,1,asset,4,5
CV-02,CV-02,26.05.2026,04.06.2026,3,7,2,True,False,2,asset,4,5
SP-05,SP-05,03.06.2026,04.06.2026,1,1,1,True,False,0,asset,5,5
PP-B4,PP-07 + PP-08,05.06.2026,08.06.2026,1,1,1,True,False,0,asset,5,6
SP-06,SP-06,09.06.2026,10.06.2026,1,1,1,True,False,0,asset,6,6
SF-04,SF-04,12.06.2026,15.06.2026,1,1,1,True,False,0,asset,6,7
LS-02,LS-02,12.06.2026,16.06.2026,1,2,2,True,False,0,asset,6,7
SP-07,SP-07,15.06.2026,17.06.2026,1,2,2,True,False,0,asset,7,7
PP-B5,PP-09,16.06.2026,17.06.2026,1,1,1,True,False,0,asset,7,7
CV-03,CV-03,17.06.2026,22.06.2026,1,3,2,True,False,0,asset,7,8
SP-08,SP-08,22.06.2026,23.06.2026,1,1,1,True,False,0,asset,8,8
