id,type,fmt,week,age,creator_led,video,boosted,impressions,views,engagements,clicks,reach,completion,length,watch_minutes,viewed_length,actions
NL-01,NL,NL,1,0,0,0,0,23268.4329,0.0,1334.5857,1020.7687,7506.9812,0.0,0.0,0.0,0.0,214.3614
NL-01,NL,NL,2,1,0,0,0,2488.5764,0.0,104.9446,119.4206,717.8316,0.0,0.0,0.0,0.0,25.0783
SP-01,SP,SP,2,0,0,0,0,80561.9079,0.0,2495.6292,545.0628,24239.9102,0.0,0.0,0.0,0.0,114.4632
SP-01,SP,SP,3,1,0,0,0,36940.8161,0.0,840.744,202.2844,9858.0302,0.0,0.0,0.0,0.0,42.4797
SP-01,SP,SP,4,2,0,0,0,10248.5579,0.0,215.2493,52.7596,2274.3533,0.0,0.0,0.0,0.0,11.0795
SP-01,SP,SP,5,3,0,0,0,3436.4651,0.0,83.8965,12.4169,721.4894,0.0,0.0,0.0,0.0,2.6076
SP-01,SP,SP,6,4,0,0,0,1362.9913,0.0,24.7307,5.8121,263.1467,0.0,0.0,0.0,0.0,1.2205
SF-01,SF,SF,2,0,1,1,0,142132.8412,91133.1362,8006.9779,2136.7129,37235.0612,0.7284,0.55,28973.0058,0.4365,448.7097
SF-01,SF,SF,3,1,1,1,0,118182.1451,75172.7783,7512.3444,1155.0559,30966.9136,0.7509,0.55,24636.2037,0.4365,242.5617
SF-01,SF,SF,4,2,1,1,0,45942.5204,29662.6558,2514.5172,581.8747,9387.2304,0.6412,0.55,8300.9128,0.4365,122.1937
SF-01,SF,SF,5,3,1,1,0,19960.231,12070.7407,1028.4647,221.6585,3898.6949,0.6519,0.55,3434.6687,0.4365,46.5483
SF-01,SF,SF,6,4,1,1,0,7467.5737,4888.1503,367.8166,71.6583,1399.376,0.6761,0.55,1442.5474,0.4365,15.0482
SF-01,SF,SF,7,5,1,1,0,2566.8517,1525.0745,106.4256,19.4601,395.6821,0.7138,0.55,475.1612,0.4365,4.0866
SF-01,SF,SF,8,6,1,1,0,1252.854,770.6264,38.6385,9.5818,150.4433,0.7028,0.55,236.3754,0.4365,2.0122
PP-01,PP,PP,2,0,0,0,0,31228.7874,0.0,624.6968,140.0178,8600.3823,0.0,0.0,0.0,0.0,29.4037
PP-01,PP,PP,3,1,0,0,0,33859.9186,0.0,663.5778,128.9124,8518.1306,0.0,0.0,0.0,0.0,27.0716
PP-01,PP,PP,4,2,0,0,0,15135.9524,0.0,295.9122,58.81,3342.7518,0.0,0.0,0.0,0.0,12.3501
PP-01,PP,PP,5,3,0,0,0,6861.4901,0.0,114.8391,27.2048,1292.3479,0.0,0.0,0.0,0.0,5.713
PP-01,PP,PP,6,4,0,0,0,4240.4096,0.0,68.2771,17.141,739.3512,0.0,0.0,0.0,0.0,3.5996
PP-01,PP,PP,7,5,0,0,0,2208.0052,0.0,28.9165,5.226,300.5803,0.0,0.0,0.0,0.0,1.0975
PP-02,PP,PP,2,0,0,0,0,34915.9193,0.0,771.1868,122.8777,9310.1718,0.0,0.0,0.0,0.0,25.8043
PP-02,PP,PP,3,1,0,0,0,39795.4317,0.0,677.194,180.1038,9781.7963,0.0,0.0,0.0,0.0,37.8218
PP-02,PP,PP,4,2,0,0,0,16680.9317,0.0,245.3177,61.8812,3726.672,0.0,0.0,0.0,0.0,12.9951
PP-02,PP,PP,5,3,0,0,0,8604.432,0.0,173.0745,31.8719,1636.5383,0.0,0.0,0.0,0.0,6.6931
PP-02,PP,PP,6,4,0,0,0,4317.1523,0.0,56.8533,12.8184,765.1321,0.0,0.0,0.0,0.0,2.6919
PP-02,PP,PP,7,5,0,0,0,3162.4715,0.0,40.36,9.2989,433.4296,0.0,0.0,0.0,0.0,1.9528
PP-02,PP,PP,8,6,0,0,0,1221.178,0.0,15.0089,3.0353,161.3972,0.0,0.0,0.0,0.0,0.6374
PH-01,PH,PH,3,0,0,0,1,211730.4145,0.0,6622.6456,1266.268,56543.5254,0.0,0.0,0.0,0.0,265.9163
PH-01,PH,PH,4,1,0,0,1,109078.2142,0.0,2768.8405,564.0873,26886.0498,0.0,0.0,0.0,0.0,118.4583
PH-01,PH,PH,5,2,0,0,1,52254.4678,0.0,1373.5823,221.1704,11769.0934,0.0,0.0,0.0,0.0,46.4458
PH-01,PH,PH,6,3,0,0,1,20928.8239,0.0,497.952,107.6032,4103.7612,0.0,0.0,0.0,0.0,22.5967
PH-01,PH,PH,7,4,0,0,1,11019.3772,0.0,193.6464,34.9403,1909.6795,0.0,0.0,0.0,0.0,7.3375
PH-01,PH,PH,8,5,0,0,1,4231.7774,0.0,88.0654,21.0329,624.7084,0.0,0.0,0.0,0.0,4.4169
SP-02,SP,SP,3,0,0,0,0,100654.6707,0.0,2717.9599,607.0391,26158.9841,0.0,0.0,0.0,0.0,127.4782
SP-02,SP,SP,4,1,0,0,0,35354.1134,0.0,885.7362,201.0299,7869.9839,0.0,0.0,0.0,0.0,42.2163
SP-02,SP,SP,5,2,0,0,0,13380.2219,0.0,279.3991,67.2305,2651.898,0.0,0.0,0.0,0.0,14.1184
SP-02,SP,SP,6,3,0,0,0,4666.8187,0.0,105.9592,26.7816,800.8376,0.0,0.0,0.0,0.0,5.6241
SP-02,SP,SP,7,4,0,0,0,1661.1604,0.0,30.2042,6.5486,240.7744,0.0,0.0,0.0,0.0,1.3752
CV-01,CV,CV,3,0,1,1,0,214646.8039,129894.503,12257.147,3838.0484,53161.1274,0.4412,3.2,145523.5826,2.5394,805.9902
CV-01,CV,CV,4,1,1,1,0,124847.6612,68209.8642,6912.5117,1683.8794,29188.576,0.4068,3.2,70456.3236,2.5394,353.6147
CV-01,CV,CV,5,2,1,1,0,51595.7986,26416.5366,3132.7318,593.0433,10045.0982,0.3911,3.2,26238.8942,2.5394,124.5391
CV-01,CV,CV,6,3,1,1,0,21019.0223,11869.9007,1169.7291,242.3469,3707.6677,0.3825,3.2,11530.8249,2.5394,50.8928
CV-01,CV,CV,7,4,1,1,0,9914.0846,5793.4923,340.3336,103.9251,1292.5202,0.4664,3.2,6862.3319,2.5394,21.8243
CV-01,CV,CV,8,5,1,1,0,4916.6339,2898.4335,181.8903,35.854,645.993,0.4526,3.2,3331.0957,2.5394,7.5293
LS-01,LS,LS,3,0,1,1,0,111224.015,55345.1031,7057.0376,1303.3359,27795.4292,0.5473,1.6,38462.9831,1.2697,273.7005
LS-01,LS,LS,4,1,1,1,0,54899.8813,26095.6949,2732.3768,775.9731,13790.4329,0.5037,1.6,16688.6787,1.2697,162.9543
LS-01,LS,LS,5,2,1,1,0,17430.8197,7792.0615,921.0896,169.218,3620.4369,0.4874,1.6,4822.6455,1.2697,35.5358
LS-01,LS,LS,6,3,1,1,0,5352.6438,2554.2626,323.0068,72.7872,1120.4733,0.4773,1.6,1547.9545,1.2697,15.2853
LS-01,LS,LS,7,4,1,1,0,1944.6549,948.5935,94.4137,17.6875,275.8224,0.5066,1.6,610.1397,1.2697,3.7144
PP-03,PP,PP,3,0,0,0,0,38574.1412,0.0,826.4005,183.0088,10011.9826,0.0,0.0,0.0,0.0,38.4319
PP-03,PP,PP,4,1,0,0,0,45701.2152,0.0,894.1204,163.0123,9672.5487,0.0,0.0,0.0,0.0,34.2326
PP-03,PP,PP,5,2,0,0,0,16677.1911,0.0,314.2922,57.0556,3583.2132,0.0,0.0,0.0,0.0,11.9817
PP-03,PP,PP,6,3,0,0,0,12200.5094,0.0,179.5529,44.8847,2235.0106,0.0,0.0,0.0,0.0,9.4258
PP-03,PP,PP,7,4,0,0,0,5739.5056,0.0,80.9799,20.4386,878.2617,0.0,0.0,0.0,0.0,4.2921
PP-03,PP,PP,8,5,0,0,0,2738.9815,0.0,30.0251,7.5988,367.6719,0.0,0.0,0.0,0.0,1.5958
PP-04,PP,PP,3,0,0,0,0,46125.2753,0.0,1055.3189,198.9494,11158.1669,0.0,0.0,0.0,0.0,41.7794
PP-04,PP,PP,4,1,0,0,0,51768.6815,0.0,1171.1638,231.6954,12015.8931,0.0,0.0,0.0,0.0,48.656
PP-04,PP,PP,5,2,0,0,0,28278.7694,0.0,561.6922,112.7944,5582.0546,0.0,0.0,0.0,0.0,23.6868
PP-04,PP,PP,6,3,0,0,0,13942.3246,0.0,210.2842,62.1716,2366.3721,0.0,0.0,0.0,0.0,13.056
PP-04,PP,PP,7,4,0,0,0,6034.1325,0.0,86.3803,17.8198,883.6616,0.0,0.0,0.0,0.0,3.7422
PP-04,PP,PP,8,5,0,0,0,3692.047,0.0,47.3667,10.9369,460.0947,0.0,0.0,0.0,0.0,2.2967
SP-03,SP,SP,4,0,0,0,0,115405.0448,0.0,2731.3837,606.6651,23826.4138,0.0,0.0,0.0,0.0,127.3997
SP-03,SP,SP,5,1,0,0,0,47383.8857,0.0,1103.053,250.7142,9343.7437,0.0,0.0,0.0,0.0,52.65
SP-03,SP,SP,6,2,0,0,0,15959.3033,0.0,316.691,73.3465,2635.0464,0.0,0.0,0.0,0.0,15.4028
SP-03,SP,SP,7,3,0,0,0,6728.3845,0.0,140.0884,33.5327,977.1955,0.0,0.0,0.0,0.0,7.0419
SP-03,SP,SP,8,4,0,0,0,1956.7043,0.0,34.5608,8.969,259.5027,0.0,0.0,0.0,0.0,1.8835
HV-01,HV,HV,4,0,0,1,1,694553.2437,356317.0312,35383.23,5415.4348,174440.3152,0.5433,1.3,199698.5088,1.0316,1137.2413
HV-01,HV,HV,5,1,0,1,1,433242.2418,222077.8952,20698.1441,3460.1555,100787.7544,0.5236,1.3,119960.0883,1.0316,726.6327
HV-01,HV,HV,6,2,0,1,1,216148.097,115440.7032,9525.5844,2053.359,41407.5225,0.4813,1.3,57325.8222,1.0316,431.2054
HV-01,HV,HV,7,3,0,1,1,98737.4338,47784.5715,3828.3014,701.0562,16035.1102,0.5974,1.3,29448.9053,1.0316,147.2218
HV-01,HV,HV,8,4,0,1,1,52505.1958,27667.0192,1586.0093,314.0322,7318.0078,0.5483,1.3,15649.804,1.0316,65.9468
GA-01,GA,GA,4,0,0,0,0,165598.8681,0.0,23606.8613,4397.9572,37938.2406,0.0,0.0,0.0,0.0,923.571
GA-01,GA,GA,5,1,0,0,0,142840.4946,0.0,19489.8666,3886.099,24881.2739,0.0,0.0,0.0,0.0,816.0808
GA-01,GA,GA,6,2,0,0,0,62852.2799,0.0,9353.5693,1516.7025,12113.7089,0.0,0.0,0.0,0.0,318.5075
GA-01,GA,GA,7,3,0,0,0,33437.0838,0.0,4359.6068,783.3187,4861.9634,0.0,0.0,0.0,0.0,164.4969
GA-01,GA,GA,8,4,0,0,0,19065.0233,0.0,2455.3881,583.6116,2675.9329,0.0,0.0,0.0,0.0,122.5584
SF-02,SF,SF,4,0,0,1,0,204394.9654,127072.3866,9408.551,1867.5035,45932.0603,0.6382,0.55,35393.7231,0.4365,392.1757
SF-02,SF,SF,5,1,0,1,0,119200.7572,73490.8371,4967.3647,1132.6681,25797.2184,0.6878,0.55,22061.9811,0.4365,237.8603
SF-02,SF,SF,6,2,0,1,0,57191.2123,32430.6099,2584.0035,466.48,10096.6244,0.6678,0.55,9452.927,0.4365,97.9608
SF-02,SF,SF,7,3,0,1,0,24656.0848,16339.7545,811.2281,154.1351,3638.344,0.7323,0.55,5222.5529,0.4365,32.3684
SF-02,SF,SF,8,4,0,1,0,8590.9747,5053.7774,285.4692,51.8077,1031.2691,0.7516,0.55,1657.9355,0.4365,10.8796
PP-05,PP,PP,4,0,0,0,0,29979.0443,0.0,587.0951,127.2212,6668.4545,0.0,0.0,0.0,0.0,26.7165
PP-05,PP,PP,5,1,0,0,0,31508.9306,0.0,577.4471,129.3102,7222.7266,0.0,0.0,0.0,0.0,27.1552
PP-05,PP,PP,6,2,0,0,0,18829.5719,0.0,348.054,67.8398,3355.1477,0.0,0.0,0.0,0.0,14.2464
PP-05,PP,PP,7,3,0,0,0,9192.5194,0.0,138.0642,32.0897,1277.34,0.0,0.0,0.0,0.0,6.7388
PP-05,PP,PP,8,4,0,0,0,4885.2465,0.0,58.176,15.9134,652.0775,0.0,0.0,0.0,0.0,3.3418
NL-02,NL,NL,5,0,0,0,0,35076.3885,0.0,1536.3217,1474.4791,6611.3978,0.0,0.0,0.0,0.0,309.6406
NL-02,NL,NL,6,1,0,0,0,1546.1171,0.0,69.8057,72.2335,285.5358,0.0,0.0,0.0,0.0,15.169
SP-04,SP,SP,5,0,0,0,0,112721.4705,0.0,2615.0061,785.5729,22676.2153,0.0,0.0,0.0,0.0,164.9703
SP-04,SP,SP,6,1,0,0,0,55977.27,0.0,1326.0809,297.3608,9794.973,0.0,0.0,0.0,0.0,62.4458
SP-04,SP,SP,7,2,0,0,0,15200.1514,0.0,279.3246,73.5281,2154.3822,0.0,0.0,0.0,0.0,15.4409
SP-04,SP,SP,8,3,0,0,0,5686.8082,0.0,103.7516,28.0085,733.4128,0.0,0.0,0.0,0.0,5.8818
SF-03,SF,SF,5,0,1,1,0,186374.2894,124210.5157,12421.0517,2808.0152,37210.1464,0.7229,0.55,39191.8425,0.4365,589.6832
SF-03,SF,SF,6,1,1,1,0,130206.4078,72937.9457,9386.3975,1663.6471,24657.9299,0.7085,0.55,22554.0659,0.4365,349.3659
SF-03,SF,SF,7,2,1,1,0,49594.4054,34329.9383,2667.599,746.7759,7732.9589,0.8079,0.55,12104.8568,0.4365,156.8229
SF-03,SF,SF,8,3,1,1,0,19686.3503,12521.6008,727.3821,184.8274,2453.4355,0.7844,0.55,4286.8667,0.4365,38.8138
CV-02,CV,CV,5,0,1,1,0,182677.0539,98717.3575,11943.8712,2764.1566,36416.1685,0.4273,3.2,107117.3929,2.5394,580.4729
CV-02,CV,CV,6,1,1,1,0,142154.0186,85842.9973,8873.6063,1606.4588,26996.794,0.4347,3.2,94757.659,2.5394,337.3563
CV-02,CV,CV,7,2,1,1,0,69561.3788,40518.2119,3522.0315,630.9935,9987.2294,0.4771,3.2,49085.8049,2.5394,132.5086
CV-02,CV,CV,8,3,1,1,0,42577.2034,22721.4021,2103.1426,533.7971,5632.7009,0.4423,3.2,25519.0441,2.5394,112.0974
PP-06,PP,PP,5,0,0,0,0,33815.3722,0.0,773.3173,158.9665,6992.112,0.0,0.0,0.0,0.0,33.383
PP-06,PP,PP,6,1,0,0,0,43716.2519,0.0,777.4655,168.3938,7670.7058,0.0,0.0,0.0,0.0,35.3627
PP-06,PP,PP,7,2,0,0,0,23377.2652,0.0,427.195,78.5345,3589.8734,0.0,0.0,0.0,0.0,16.4923
PP-06,PP,PP,8,3,0,0,0,10067.236,0.0,162.7154,40.9212,1361.3087,0.0,0.0,0.0,0.0,8.5935
SP-05,SP,SP,6,0,0,0,1,162327.661,0.0,4901.3088,883.504,32094.3419,0.0,0.0,0.0,0.0,185.5358
SP-05,SP,SP,7,1,0,0,1,55548.0612,0.0,1311.8018,339.9919,8954.6594,0.0,0.0,0.0,0.0,71.3983
SP-05,SP,SP,8,2,0,0,1,16922.8111,0.0,364.9116,91.5828,2540.7528,0.0,0.0,0.0,0.0,19.2324
PP-07,PP,PP,6,0,0,0,0,57679.1131,0.0,1270.1575,263.0691,11466.8521,0.0,0.0,0.0,0.0,55.2445
PP-07,PP,PP,7,1,0,0,0,48145.4003,0.0,693.9752,205.1264,6491.6751,0.0,0.0,0.0,0.0,43.0765
PP-07,PP,PP,8,2,0,0,0,23749.29,0.0,349.1957,84.7261,3061.1972,0.0,0.0,0.0,0.0,17.7925
SP-06,SP,SP,6,0,0,0,1,84649.9834,0.0,2372.2268,384.7238,17257.412,0.0,0.0,0.0,0.0,80.792
SP-06,SP,SP,7,1,0,0,1,63342.45,0.0,1520.9235,439.1061,11394.7647,0.0,0.0,0.0,0.0,92.2123
SP-06,SP,SP,8,2,0,0,1,21755.4909,0.0,509.4754,136.9532,3584.4153,0.0,0.0,0.0,0.0,28.7602
PP-08,PP,PP,6,0,0,0,0,29351.4236,0.0,528.3761,146.446,5620.8945,0.0,0.0,0.0,0.0,30.7537
PP-08,PP,PP,7,1,0,0,0,34359.1788,0.0,684.8396,138.1293,4966.9369,0.0,0.0,0.0,0.0,29.0071
PP-08,PP,PP,8,2,0,0,0,15076.0068,0.0,243.7388,55.29,2017.1108,0.0,0.0,0.0,0.0,11.6109
SF-04,SF,SF,7,0,0,1,1,443412.8212,291858.5004,19430.0979,4246.3739,78215.9493,0.812,0.55,103433.4497,0.4365,891.7385
SF-04,SF,SF,8,1,0,1,1,265645.7278,154710.6764,11011.8091,2010.5835,40608.3602,0.8215,0.55,55469.5316,0.4365,422.2225
LS-02,LS,LS,7,0,1,1,1,243906.8651,113900.448,16661.6992,3094.5175,38906.4989,0.6436,1.6,93081.6114,1.2697,649.8487
LS-02,LS,LS,8,1,1,1,1,96451.8277,47554.683,5898.3089,1062.7011,13783.7848,0.6001,1.6,36236.0501,1.2697,223.1672
SP-07,SP,SPV,7,0,1,1,1,152348.1352,81947.3673,9540.4685,2290.9635,24885.6075,0.8471,0.5,27545.343,0.3968,481.1023
SP-07,SP,SPV,8,1,1,1,1,104077.2982,60588.268,6979.031,1439.7016,13895.3858,0.7475,0.5,17971.1594,0.3968,302.3373
PP-09,PP,PP,7,0,0,0,0,43846.2938,0.0,798.1707,174.1799,5951.2766,0.0,0.0,0.0,0.0,36.5778
PP-09,PP,PP,8,1,0,0,0,34497.8108,0.0,633.4929,167.7081,4090.8416,0.0,0.0,0.0,0.0,35.2187
CV-03,CV,CV,8,0,1,1,1,376465.1264,222057.4661,22282.9899,5032.9018,57424.3972,0.5373,3.2,302971.8531,2.5394,1056.9094
SP-08,SP,SPV,8,0,1,1,1,99313.4954,58866.4276,5325.1285,1041.2043,13614.9805,0.8232,0.5,19226.8912,0.3968,218.6529
