id,type,title_en,title_de,workstream_en,workstream_de,owner,stakeholder,due,live,week,on_time,days_late,approval,unit,submitted,approved,approval_bdays,first_feedback_bdays,rounds,sla_met,escalated,rev_internal,rev_client,revisions,risk,creator_led,video,evidence_items,impressions,views,engagements,clicks
NL-01,NL,Newsletter #1 · campaign teaser,Newsletter #1 · Kampagnen-Teaser,CRM,CRM,CRM Manager,AKG Brand Manager,08.05.2026,08.05.2026,1,True,0,R1,NL-01,06.05.2026,07.05.2026,1,1,1,True,False,0,0,0,L,False,False,2,25757.0,0.0,1440.0,1140.0
SP-01,SP,Social post #1 · partnership reveal,Social Post #1 · Partnerschafts-Reveal,Social,Social,Social Media Manager,AKG Brand Manager,11.05.2026,11.05.2026,2,True,0,R1,SP-01,06.05.2026,07.05.2026,1,1,1,True,False,0,0,0,L,False,False,2,132551.0,0.0,3660.0,818.0
SF-01,SF,Short-form #1 · “Hear the footsteps”,Short-Form #1 · „Hör die Schritte“,Social video,Social Video,Video Producer,Creator A,14.05.2026,14.05.2026,2,True,0,R1,SF-01,11.05.2026,13.05.2026,2,2,1,True,False,1,0,1,M,True,True,3,337505.0,215223.0,19575.0,4196.0
PP-01,PP,"Placement #1 · player cam, scrims","Placement #1 · Spieler-Cam, Scrims",Brand placement,Brand Placement,Broadcast Producer,Player A,15.05.2026,15.05.2026,2,True,0,R1,PP-B1,12.05.2026,13.05.2026,1,1,1,True,False,0,0,0,L,False,False,2,93535.0,0.0,1796.0,377.0
PP-02,PP,Placement #2 · team vlog,Placement #2 · Team-Vlog,Brand placement,Brand Placement,Broadcast Producer,Player B,15.05.2026,15.05.2026,2,True,0,R1,PP-B1,12.05.2026,13.05.2026,1,1,1,True,False,0,0,0,L,False,False,2,108698.0,0.0,1979.0,422.0
PH-01,PH,Product photography package,Produktfoto-Paket,Production,Produktion,Brand Designer,AKG Product Specialist,13.05.2026,19.05.2026,3,False,6,R1,PH-01,14.05.2026,18.05.2026,2,2,1,True,False,1,0,1,H,False,False,2,409243.0,0.0,11545.0,2215.0
SP-02,SP,Social post #2 · product hero shot,Social Post #2 · Produkt-Hero-Shot,Social,Social,Social Media Manager,AKG Brand Manager,18.05.2026,18.05.2026,3,True,0,R1,SP-02,13.05.2026,14.05.2026,1,1,1,True,False,1,0,1,L,False,False,2,155717.0,0.0,4019.0,909.0
CV-01,CV,Creator video #1 · studio setup tour,Creator-Video #1 · Studio-Setup-Tour,Creators,Creator,Creator Manager,Creator A,20.05.2026,20.05.2026,3,True,0,R1,CV-01,14.05.2026,18.05.2026,2,2,1,True,False,2,0,2,M,True,True,3,426940.0,245083.0,23994.0,6497.0
LS-01,LS,Livestream #1 · ranked night,Livestream #1 · Ranked-Abend,Broadcast,Broadcast,Broadcast Producer,Creator B,21.05.2026,21.05.2026,3,True,0,R1,LS-01,18.05.2026,20.05.2026,2,2,1,True,False,1,0,1,M,True,True,3,190852.0,92736.0,11128.0,2339.0
PP-03,PP,Placement #3 · match-day broadcast desk,Placement #3 · Matchday-Broadcast-Desk,Brand placement,Brand Placement,Broadcast Producer,Player A,22.05.2026,22.05.2026,3,True,0,R1,PP-B2,19.05.2026,20.05.2026,1,1,1,True,False,0,0,0,L,False,False,2,121632.0,0.0,2325.0,476.0
PP-04,PP,Placement #4 · bootcamp content,Placement #4 · Bootcamp-Content,Brand placement,Brand Placement,Broadcast Producer,Player B,22.05.2026,22.05.2026,3,True,0,R1,PP-B2,19.05.2026,20.05.2026,1,1,1,True,False,0,0,0,L,False,False,2,149841.0,0.0,3132.0,634.0
SP-03,SP,Social post #3 · match-day,Social Post #3 · Matchday,Social,Social,Social Media Manager,AKG Brand Manager,25.05.2026,25.05.2026,4,True,0,R1,SP-03,21.05.2026,22.05.2026,1,1,1,True,False,0,0,0,M,False,False,2,187433.0,0.0,4326.0,973.0
HV-01,HV,"Hero video · “Game Audio, Studio Quality”","Hero-Video · „Game Audio, Studio Quality“",Production,Produktion,Video Producer,AKG Brand Manager,26.05.2026,26.05.2026,4,True,0,ESC,HV-01,11.05.2026,25.05.2026,10,6,3,False,True,3,2,5,H,False,True,3,1495186.0,769287.0,71021.0,11944.0
GA-01,GA,Giveaway · 5 AKG headsets,Gewinnspiel · 5 AKG-Headsets,Community,Community,Community Manager,AKG Legal & Compliance,27.05.2026,27.05.2026,4,True,0,ESC,GA-01,20.05.2026,25.05.2026,3,3,1,True,True,1,0,1,H,False,False,3,423794.0,0.0,59265.0,11168.0
SF-02,SF,Short-form #2 · clutch audio cues,Short-Form #2 · Clutch-Audio-Cues,Social video,Social Video,Video Producer,Creator C,28.05.2026,28.05.2026,4,True,0,R1,SF-02,25.05.2026,26.05.2026,1,1,1,True,False,0,0,0,L,False,True,3,414034.0,254387.0,18057.0,3673.0
PP-05,PP,"Placement #5 · player cam, officials","Placement #5 · Spieler-Cam, Offizielle",Brand placement,Brand Placement,Broadcast Producer,Player A,29.05.2026,29.05.2026,4,True,0,R1,PP-B3,26.05.2026,28.05.2026,2,2,1,True,False,0,0,0,L,False,False,2,94395.0,0.0,1709.0,372.0
NL-02,NL,Newsletter #2 · giveaway push,Newsletter #2 · Gewinnspiel-Push,CRM,CRM,CRM Manager,AKG Brand Manager,01.06.2026,01.06.2026,5,True,0,R1,NL-02,28.05.2026,29.05.2026,1,1,1,True,False,0,0,0,L,False,False,2,36623.0,0.0,1606.0,1547.0
SP-04,SP,Social post #4 · giveaway reminder,Social Post #4 · Gewinnspiel-Reminder,Social,Social,Social Media Manager,AKG Brand Manager,01.06.2026,01.06.2026,5,True,0,R1,SP-04,27.05.2026,29.05.2026,2,2,1,True,False,0,0,0,L,False,False,2,189586.0,0.0,4324.0,1184.0
SF-03,SF,Short-form #3 · mic check,Short-Form #3 · Mic-Check,Social video,Social Video,Video Producer,Creator A,04.06.2026,04.06.2026,5,True,0,R2,SF-03,28.05.2026,03.06.2026,4,2,2,True,False,1,1,2,M,True,True,3,385861.0,244000.0,25202.0,5403.0
CV-02,CV,Creator video #2 · “Music to game to”,Creator-Video #2 · „Music to game to“,Creators,Creator,Creator Manager,Creator B,03.06.2026,05.06.2026,5,False,2,R3,CV-02,26.05.2026,04.06.2026,7,2,3,True,False,1,2,3,H,True,True,3,436970.0,247800.0,26443.0,5535.0
PP-06,PP,Placement #6 · team house tour,Placement #6 · Teamhaus-Tour,Brand placement,Brand Placement,Broadcast Producer,Player B,05.06.2026,05.06.2026,5,True,0,R1,PP-B3,02.06.2026,04.06.2026,2,2,1,True,False,0,0,0,L,False,False,2,110976.0,0.0,2141.0,447.0
SP-05,SP,Social post #5 · studio quality,Social Post #5 · Studioqualität,Social,Social,Social Media Manager,AKG Brand Manager,08.06.2026,08.06.2026,6,True,0,R1,SP-05,03.06.2026,04.06.2026,1,1,1,True,False,1,0,1,L,False,False,2,234799.0,0.0,6578.0,1315.0
PP-07,PP,Placement #7 · match-day walkout,Placement #7 · Matchday-Walkout,Brand placement,Brand Placement,Broadcast Producer,Player A,10.06.2026,10.06.2026,6,True,0,R1,PP-B4,05.06.2026,08.06.2026,1,1,1,True,False,0,0,0,L,False,False,2,129574.0,0.0,2313.0,553.0
SP-06,SP,Social post #6 · player quote card,Social Post #6 · Spieler-Zitatkarte,Social,Social,Social Media Manager,AKG Brand Manager,11.06.2026,11.06.2026,6,True,0,R1,SP-06,09.06.2026,10.06.2026,1,1,1,True,False,0,0,0,L,False,False,2,169748.0,0.0,4403.0,961.0
PP-08,PP,Placement #8 · creator stream overlay,Placement #8 · Creator-Stream-Overlay,Brand placement,Brand Placement,Broadcast Producer,Creator C,12.06.2026,12.06.2026,6,True,0,R1,PP-B4,09.06.2026,10.06.2026,1,1,1,True,False,0,0,0,L,False,False,2,78787.0,0.0,1457.0,340.0
SF-04,SF,Short-form #4 · soundstage test,Short-Form #4 · Soundstage-Test,Social video,Social Video,Video Producer,Creator D,16.06.2026,16.06.2026,7,True,0,R1,SF-04,12.06.2026,15.06.2026,1,1,1,True,False,0,0,0,L,False,True,3,709059.0,446569.0,30442.0,6257.0
LS-02,LS,Livestream #2 · community cup,Livestream #2 · Community-Cup,Broadcast,Broadcast,Broadcast Producer,Creator C,17.06.2026,17.06.2026,7,True,0,R1,LS-02,12.06.2026,16.06.2026,2,2,1,True,False,0,0,0,M,True,True,3,340359.0,161455.0,22560.0,4157.0
SP-07,SP,Social post #7 · creator-led video post,Social Post #7 · Creator-Video-Post,Social,Social,Social Media Manager,Creator D,18.06.2026,18.06.2026,7,True,0,R1,SP-07,15.06.2026,17.06.2026,2,2,1,True,False,0,0,0,M,True,True,2,256425.0,142536.0,16519.0,3731.0
PP-09,PP,Placement #9 · final-week vlog,Placement #9 · Vlog der Finalwoche,Brand placement,Brand Placement,Broadcast Producer,Player B,19.06.2026,19.06.2026,7,True,0,R1,PP-B5,16.06.2026,17.06.2026,1,1,1,True,False,0,0,0,L,False,False,2,78344.0,0.0,1432.0,342.0
CV-03,CV,Creator video #3 · pro vs. creator duel,Creator-Video #3 · Pro-vs.-Creator-Duell,Creators,Creator,Creator Manager,Creator D,23.06.2026,23.06.2026,8,True,0,R1,CV-03,17.06.2026,22.06.2026,3,2,1,True,False,1,0,1,M,True,True,3,376465.0,222057.0,22283.0,5033.0
SP-08,SP,Social post #8 · creator-led wrap-up,Social Post #8 · Creator-Wrap-up,Social,Social,Social Media Manager,Creator A,25.06.2026,25.06.2026,8,True,0,R1,SP-08,22.06.2026,23.06.2026,1,1,1,True,False,0,0,0,L,True,True,2,99313.0,58866.0,5325.0,1041.0
