fmt,assets,reach,impressions,views,engagements,clicks,actions,completion,er,ctr,action_rate,period
CV,2,128810.97005,573767.31756,323238.26128,34246.26168,8879.12768,1864.61681,0.42558,0.05969,0.01548,0.01448,weeks 1-5
GA,1,62819.51446,308439.36269,0.0,43096.7279,8284.05621,1739.6518,,0.13973,0.02686,0.02769,weeks 1-5
HV,1,275228.06963,1127795.48553,578394.92634,56081.37413,8875.59029,1863.87396,0.53571,0.04973,0.00787,0.00677,weeks 1-5
LS,1,45206.29898,183554.7159,89232.85952,10710.50396,2248.52696,472.19066,0.52934,0.05835,0.01225,0.01045,weeks 1-5
NL,2,14836.21059,60833.39779,0.0,2975.85194,2614.66839,549.08036,,0.04892,0.04298,0.03701,weeks 1-5
PH,1,95198.66859,373063.09656,0.0,10765.0684,2051.52564,430.82038,,0.02886,0.0055,0.00453,weeks 1-5
PP,6,119115.9431,509511.48427,0.0,10326.64665,2113.69327,443.87559,,0.02027,0.00415,0.00373,weeks 1-5
SF,3,190427.32516,836187.74976,532813.05042,45859.27158,9903.48871,2079.73263,0.69658,0.05484,0.01184,0.01092,weeks 1-5
SP,4,129621.02192,556087.15408,0.0,13968.05707,3330.77548,699.46285,,0.02512,0.00599,0.0054,weeks 1-5
CV,3,74982.84068,503434.42714,293989.00586,28430.38784,6337.47156,1330.86903,0.5194,0.05647,0.01259,0.01775,weeks 7-8
GA,1,7537.89626,52502.10713,0.0,6814.99492,1366.9303,287.05536,,0.1298,0.02604,0.03808,weeks 7-8
HV,1,23353.11808,151242.62956,75451.59071,5414.31078,1015.08831,213.16854,0.57938,0.0358,0.00671,0.00913,weeks 7-8
LS,2,52966.10607,342303.34774,162403.72449,22654.42178,4174.90611,876.73028,0.63008,0.06618,0.0122,0.01655,weeks 7-8
PH,1,2534.3879,15251.15463,0.0,281.7118,55.97325,11.75438,,0.01847,0.00367,0.00464,weeks 7-8
PP,9,36944.73493,271992.56878,0.0,4518.60084,1066.97294,224.06432,,0.01661,0.00392,0.00606,weeks 7-8
SF,4,134226.44247,815406.06988,517109.94874,35078.64944,7423.54525,1558.9445,0.8103,0.04302,0.0091,0.01161,weeks 7-8
SP,5,30839.85992,188802.022,0.0,4295.0421,1158.22082,243.22637,,0.02275,0.00613,0.00789,weeks 7-8
SPV,2,52395.97382,355738.92879,201402.06295,21844.62805,4771.86942,1002.09258,0.81016,0.06141,0.01341,0.01913,weeks 7-8
