name_en,name_de,group,influence,interest,touchpoints
Partnerships Director (line manager),Partnerships Director (Vorgesetzter),G2,5,4,34
Head of Content,Head of Content,G2,4,3,26
Social Media Manager,Social Media Manager,G2,3,5,41
Creator Manager,Creator Manager,G2,3,5,38
Video Producer,Video Producer,G2,3,4,36
Brand Designer,Brand Designer,G2,2,3,17
Broadcast Producer,Broadcast Producer,G2,3,4,24
Community Manager,Community Manager,G2,2,4,15
CRM / Newsletter Manager,CRM-/Newsletter-Manager,G2,2,3,9
Legal Counsel,Legal Counsel,G2,4,2,11
Finance (invoicing),Finance (Rechnungsstellung),G2,3,2,5
Esports Team Manager,Esports-Teammanager,G2,4,2,7
AKG Brand Manager (main contact),AKG Brand Manager (Hauptkontakt),AKG,5,5,29
AKG Marketing Manager Gaming,AKG Marketing Manager Gaming,AKG,5,3,11
AKG Product Specialist,AKG Produktspezialist,AKG,2,4,7
AKG Legal & Compliance,AKG Legal & Compliance,AKG,4,2,5
Creator A,Creator A,Creators,2,5,19
Creator B,Creator B,Creators,2,4,21
Creator C,Creator C,Creators,2,4,14
Creator D,Creator D,Creators,2,4,15
Player A,Player A,Creators,3,3,8
Player B,Player B,Creators,3,3,8
Hero video production agency,Produktionsagentur Hero-Video,Production,3,4,21
Photo studio,Fotostudio,Production,2,3,9
Post-production house,Postproduktion,Production,2,3,7
